id,title,author,pub_year,publisher,price,img,class
1,The Bare Bones Bible Handbook. 10 Minutes to Understanding Each Book of the Bible,"George, Jim",2006,Old Favorites Bookshop LTD (since 1954),US$8.00 ,https://pictures.abebooks.com/isbn/9780736916547-us-300.jpg,Bible Study
2,Dreamer's Dictionary,"Stearn Robinson,Tom Corbett",1986,Kona Bay Books,US$6.00 ,https://pictures.abebooks.com/isbn/9780446342964-us-300.jpg,Dreams
3,Getting Things Done: The Art of Stress-Free Productivity,"Allen, David",2001,ThatsTheCatsMeow,US$12.00 ,https://pictures.abebooks.com/isbn/9780670899241-us-300.jpg,Time Management
4,Astronomy (2 Vol),Russel-Dugan-Stewart,1926,"Sparrow's Bookshop, IOBA",US$30.00 ,https://pictures.abebooks.com/inventory/md/md31073830003.jpg,Astronomy
5,"MAY AND JUNE, A ROMANCE OF THE REVOLUTION","Roe, Edward P.",1888,Never Too Many Books,US$15.00 ,https://pictures.abebooks.com/inventory/md/md30894375201.jpg,Historical Romance
6,Bennington Pottery and Porcelain - A Guide to Identification,"Barret, Richard Carter",1958,Goldring Books,US$19.61 ,https://pictures.abebooks.com/inventory/md/md31521933864.jpg,Antiques
7,Horton Hears a Who,Dr.Seuss,1954,Linda's Rare Books,US$700.00 ,https://pictures.abebooks.com/inventory/md/md31126268071.jpg,Dr Seuss Books
8,Stop and Smell the Rosemary: Recipes and Traditions to Remember,Junior League of Houston,1996,Copperfield's Used and Rare Books,US$25.00 ,https://pictures.abebooks.com/isbn/9780963242129-us-300.jpg,Cookbooks General
9,"Clinical and Experimental Hypnosis: In Medicine, Dentistry and Psychology (signed)","Kroger, William S.",1963,Rob the Book Man,US$29.75 ,https://pictures.abebooks.com/isbn/9780397500963-us-300.jpg,Hypnosis
10,Budu or Twenty Years in Sarawak,John K. Wilson,1969,Sapience Bookstore,US$7.33 ,https://pictures.abebooks.com/inventory/md/md31567831679.jpg,"Travel, Asia"
11,The Night Circus,"Morgenstern, Erin",2011,Librarium,US$50.00 ,https://pictures.abebooks.com/inventory/md/md31532253984.jpg,Fantasy
12,The American Woodland Garden: Capturing the Spirit of the Deciduous Forest,"Darke, Rick",2002,Oakholm Books,US$52.30 ,https://pictures.abebooks.com/inventory/md/md31532723823.jpg,Gardening
13,The English Rock Garden Volumes 1 & 2 (two volumes),Reginald Farrer,1919,Oakholm Books,US$6.54 ,https://pictures.abebooks.com/inventory/md/md31553106497.jpg,Gardening
14,The Market Of Seleukia : Signed By The Author,"Morris, James (Jan)",1957,Ashton Rare Books  ABA : PBFA : ILAB,US$588.42 ,https://pictures.abebooks.com/inventory/md/md30589394928.jpg,"Travel, Iconic"
15,George Psychoundakis : A Letter To C.A.Trypanis (Limited Lettered Edition: Signed By The Author),"Fermor, Patrick Leigh",1999,Ashton Rare Books  ABA : PBFA : ILAB,US$385.74 ,https://pictures.abebooks.com/inventory/md/md22693243713.jpg,"Travel, Iconic"
16,DAVID WORSHIPED WITH A FERVENT FAITH,"Cornwall, Judson",1996,The Old Bookshelf,US$6.47 ,https://pictures.abebooks.com/isbn/9781560430896-us-300.jpg,Christian Bible Study
17,DAILY GRACE FROM PHILLIPIANS AND COLOSSI,PHILIP GEORGE,2004,The Old Bookshelf,US$4.58 ,https://pictures.abebooks.com/isbn/9780852345603-us-300.jpg,Christian Bible Study
18,"Megatokyo, Vol. 1","Gallagher, Fred & Rodney Caston",2004,"James F. Balsley, Bookseller",US$8.00 ,https://pictures.abebooks.com/inventory/md/md31254544061.jpg,Manga
19,On Carbohydrate Metabolism,"Pavy, F.W.",1906,Zetetic Books,US$65.38 ,https://pictures.abebooks.com/inventory/md/md14905056806.jpg,"Signed, Association Copies"
20,"Original Vintage Luggage Label - Grand Hotel des Wagons Lits, Peking",Dan Sweeney,1930,"Picture This (ABA, ILAB, IVPDA)",US$183.07 ,https://pictures.abebooks.com/inventory/md/md31374893504.jpg,Luggage Labels
21,Simon Finch Rare Books,"Finch, Simon",1886,Leakey's Bookshop Ltd.,US$65.38 ,https://pictures.abebooks.com/inventory/md/md12279114606.jpg,Bibliography
22,Mark Twain's Letters Volume I 1854 to 1866,"Clements, Samuel, Mark Twain, et al",1988,Charles Lewis Best Booksellers,US$15.00 ,https://pictures.abebooks.com/inventory/md/md30059163575.jpg,American Literature
23,Spirit of the Age,"Clifton-Taylor, Alec; Strong, Roy; Jordan, Robert Furneau...",1976,Balfour Books,US$6.54 ,https://pictures.abebooks.com/isbn/9780563128977-us-300.jpg,Architecture
24,Financial Accounting: Tools for Business Decision Making,Kimmel,2008,a2zbooks,US$20.99 ,https://pictures.abebooks.com/isbn/9780470239803-us-300.jpg,Accounting
25,Fundamentals Of Cost Accounting,Maher,2004,a2zbooks,US$19.88 ,https://pictures.abebooks.com/isbn/9780073018379-us-300.jpg,Accounting
26,In Search of England / In Search of Ireland,H. V. Morton,1936,Candleleaf,US$65.38 ,https://pictures.abebooks.com/inventory/md/md31449080674.jpg,Fine Bindings
27,Uninvited,Amanda Marrone,2007,The Book Nest Ltd,US$1.13 ,https://pictures.abebooks.com/isbn/9781847381828-us-300.jpg,Horror & Ghost Stories
28,THE DAMNATION GAME. Inscribed by the Author.,"BARKER, Clive.",1986,Thompson Rare Books - ABAC / ILAB,US$45.00 ,https://pictures.abebooks.com/inventory/md/md1317347661.jpg,Signed and Inscribed Books
29,OUT OF THE STORM. Uncollected Fantasies. One of 14 Special Copies Signed by the Editor.,"HODGSON, William Hope.",1975,Thompson Rare Books - ABAC / ILAB,US$35.00 ,https://pictures.abebooks.com/inventory/md/md31429323288.jpg,Signed and Inscribed Books
30,THE HOUND OF HEAVEN. A Commemorative Volume. Edited and Introduced by G. Krishnamurti. SIGNED BY ...,"THOMPSON, Francis; KRISHNAMURTI, G; WILLIAMSON, Henry & O...",1967,Thompson Rare Books - ABAC / ILAB,US$200.00 ,https://pictures.abebooks.com/inventory/md/md30765865221.jpg,Signed and Inscribed Books
31,Plants of Love. The History of Aphrodisiacs and a Guide to Their Identification and Use,"Ratsch, Christian",1997,"Mare Booksellers ABAA, IOBA",US$17.00 ,https://pictures.abebooks.com/inventory/md/md31288184641.jpg,New Age
32,The Luton News' Directory of Luton. (1936).,THE LUTON NEWS.:,1936,CHILTON BOOKS,US$39.23 ,https://pictures.abebooks.com/inventory/md/md30911806593.jpg,Local History (Directories)
33,Kelly's Directory Of Hull And Neighbourhood 1939 .,KELLY'S DIRECTORIES .:,1939,CHILTON BOOKS,US$39.23 ,https://pictures.abebooks.com/inventory/md/md30908938251.jpg,Local History (Directories)
34,Try This at Home,"Blais, Richard",2013,"Book Grove, RMABA",US$29.00 ,https://pictures.abebooks.com/isbn/9780307985279-us-300.jpg,Cookbooks
35,Five Kingdoms: An Illustrated Guide to the Phyla of Life on Earth,"Margulis, Lynn; Gould, Stephen Jay; Schwartz, Karlene V.",1998,Lake Country Books and More,US$19.99 ,https://pictures.abebooks.com/inventory/md/md30738691415.jpg,Biology
36,"Dictionary Of Evangelical Biography, 1730-1860 (2 Volume Set)",(editor) Donald Lewis,2004,Regent College Bookstore,US$45.47 ,https://pictures.abebooks.com/isbn/9781565639355-us-300.jpg,Dictionaries
37,Dictionary of Paul and His Letters (The IVP Bible Dictionary Series),"(editors) Gerald F. Hawthrone, etal.",1993,Regent College Bookstore,US$26.52 ,https://pictures.abebooks.com/isbn/9780830817788-us-300.jpg,Dictionaries
38,"The New International Dictionary of New Testament Theology, Vol. 1-3","Colin Brown, ed.",1981,Regent College Bookstore,US$18.95 ,https://pictures.abebooks.com/isbn/9780310218906-us-300.jpg,Dictionaries
39,The Murder of Roger Ackroyd; The Seven Dials Mystery; The Murder at the Vicarage; Peril at End Ho...,Agatha Christie,1955,Paperworks,US$65.38 ,https://pictures.abebooks.com/inventory/md/md31364946029.jpg,Agatha Christie
40,The Mysterious Mr Quin; The Murder at the Vicarage; The Sittaford Mystery; Why Didn t They Ask Ev...,Agatha Christie,1944,Paperworks,US$52.30 ,https://pictures.abebooks.com/inventory/md/md31364950194.jpg,Agatha Christie
41,Xhosa; Tales of Life from the African Veld,"Tredgold, Sir Robert",1973,Sapience Bookstore,US$9.42 ,https://pictures.abebooks.com/inventory/md/md11951131666.jpg,"Travel, Africa"
42,"History of Southern and Central Africa, The; It's Topography, Geography, Natural Productions, &c....",N/A,1111,Sapience Bookstore,US$3.14 ,https://pictures.abebooks.com/inventory/md/md10086220229.jpg,"Travel, Africa"
43,The Tartar Steppe,"Dino Buzzati, translated by Stuart Hood",1985,Hall of Books,US$13.01 ,https://pictures.abebooks.com/inventory/md/md31153307430.jpg,Travel (Asia)
44,Postscript to Seven homes,"Mitchell, Eleanor Swann",1960,Never Too Many Books,US$25.39 ,https://pictures.abebooks.com/inventory/md/md30791622044.jpg,Memoirs
45,Heinrich Boll: Briefe Aus Dem Krieg 1939-1945 Bands 1 & 2,"SCHUBERT, Jochen [editor]",2003,Horizon Books,US$21.00 ,https://pictures.abebooks.com/inventory/md/md30231314134.jpg,European History
46,NOT FAR FROM THE SMOKE. Inscribed by the Author.,"COWLES, Frederick.",1935,Thompson Rare Books - ABAC / ILAB,US$250.00 ,https://pictures.abebooks.com/inventory/md/md31306449146.jpg,Ghost Stories
47,Jazyk dirizherskogo zhesta.,Musin Ilia,2007,Ruslania,US$16.27 ,https://pictures.abebooks.com/inventory/md/md22016688240.jpg,Music Performing Art Books
48,"Accordion and Bayan Performance. Method, theory and history",SharovO. (ed.),2006,Ruslania,US$9.04 ,https://pictures.abebooks.com/inventory/md/md22016689756.jpg,Music Performing Art Books
49,The Vishnu Purana,"Wilson, H. H.; Sharma, R. N.",2004,Vedic Book Services,US$32.69 ,https://pictures.abebooks.com/isbn/9788170810421-us-300.jpg,Hinduism
50,The Geeta,Shri Purohit Swami,1935,Vedic Book Services,US$17.00 ,https://pictures.abebooks.com/inventory/md/md31327599847.jpg,Hinduism
51,"Bibliopegia: Or, the Art of Bookbinding in All Its Branches; Illustrated with Engravings.",John Andrews Arnett.,1835,"J & J House Booksellers, ABAA",US$150.00 ,https://pictures.abebooks.com/inventory/md/md22248362540.jpg,"Bibliography, Book Arts, Fine Printing"
52,Writing at the kitchen table: The authorized biography of Elizabeth David,"Cooper, Artemis",1999,cookbookjj,US$12.50 ,https://pictures.abebooks.com/isbn/9780718142247-us-300.jpg,Food Writing
53,Nobody Knows the Truffles I've Seen,"Lang, George",1999,cookbookjj,US$17.50 ,https://pictures.abebooks.com/inventory/md/md17417496181.jpg,Food Writing
54,"Books 1,2,3,4 All signed 1st Prints: The Thursday Murder Club, The Man Who Died Twice (Waterstone...","Osman, Richard",2020,95 sellers,"US$1,000.00 ",https://pictures.abebooks.com/inventory/md/md31003671845.jpg,Crime Fiction
55,The Citizen's Atlas of the World,John Bartholomew,1935,Rooke Books PBFA,US$61.13 ,https://pictures.abebooks.com/inventory/md/md31421144610.jpg,Atlases
56,"Le Costume Historique Tome Ii. Cinq Cents Planches Troiscents En Couleurs, Or Et Argent Deux Cent...","A, Racinet",1879,Open Door Books  MABA,"US$1,000.00 ",https://pictures.abebooks.com/inventory/md/md31498125689.jpg,Art History
57,Recollections And Reflections Of A Japanese Artist,"Markino, Yoshio",1931,Open Door Books  MABA,US$695.00 ,https://pictures.abebooks.com/inventory/md/md31061673633.jpg,Art History
58,MEMOIRS,"HURD, Rt Hon Lord Douglas, CH CBE",2003,Portman Rare Books,US$26.15 ,https://pictures.abebooks.com/inventory/md/md22844381625.jpg,Politics
59,THE EDGE OF MADNESS,"DOBBS, Michael",2008,Portman Rare Books,US$19.61 ,https://pictures.abebooks.com/inventory/md/md30057041607.jpg,Politics
60,The World of the Norsemen,"Oxenstierna, Eric",1967,Banfield House Booksellers,US$13.63 ,https://pictures.abebooks.com/inventory/md/md595888458.jpg,Ancient History
61,"The Sumerians: Their History, Culture, And Character.","Kramer, Samuel Noah.",1971,Banfield House Booksellers,US$10.22 ,https://pictures.abebooks.com/inventory/md/md31327308644.jpg,Ancient History
62,Kill the Messenger,"Ingham, Bernard",1991,Neville Wade,US$74.03 ,https://pictures.abebooks.com/inventory/md/md22279266960_2.jpg,"Business, Management And Corporate"
63,Maus a Survivors Tale : My Father Bleeds Histry,ART SPIEGELMAN,1986,Inquiring Minds,US$9.98 ,https://pictures.abebooks.com/isbn/9780394747231-us-300.jpg,Graphic Novels Youth
64,The Sleeper and the Spindle,Neil Gaiman,2015,Inquiring Minds,US$9.98 ,https://pictures.abebooks.com/isbn/9780062398246-us-300.jpg,Graphic Novels Youth
65,The Fifth Elephant,PRATCHETT Terry,1999,Kirk Ruebotham Bookseller,US$13.08 ,https://pictures.abebooks.com/isbn/9780385409957-us-300.jpg,Fantasy Fiction Hardcovers
66,Jingo,PRATCHETT Terry,1997,Kirk Ruebotham Bookseller,US$11.77 ,https://pictures.abebooks.com/isbn/9780575065406-us-300.jpg,Fantasy Fiction Hardcovers
67,Jingo,PRATCHETT Terry,1997,Kirk Ruebotham Bookseller,US$16.35 ,https://pictures.abebooks.com/isbn/9780575065406-us-300.jpg,Fantasy Fiction Hardcovers
68,The Amulet of Samarkand,"STROUD, Jonathan",2003,Kirk Ruebotham Bookseller,US$11.12 ,https://pictures.abebooks.com/isbn/9780385605991-us-300.jpg,Fantasy Fiction Hardcovers
69,Priestess of the White (Age of the Five Book One),"CANAVAN, Trudi",2006,Kirk Ruebotham Bookseller,US$9.15 ,https://pictures.abebooks.com/isbn/9781841493862-us-300.jpg,Fantasy Fiction Hardcovers
70,GOLD IN ONTARIO (signed copy),MICHAEL BARNES,1995,Paraphernalia Books 'N' Stuff,US$30.00 ,https://pictures.abebooks.com/inventory/md/md31207198714.jpg,Business and Industry
71,The world of Earl Hines (The world of swing ; v. 2),Stanley Dance,1977,Dunaway Books,US$55.00 ,https://pictures.abebooks.com/isbn/9780684149356-us-300.jpg,Music (Biographies)
72,Kansas City Lightning: The Rise and Times of Charlie Parker,Stanley Crouch,2014,Dunaway Books,US$8.50 ,https://pictures.abebooks.com/isbn/9780062005618-us-300.jpg,Music (Biographies)
73,The New Magic-Fit Master Pattern,Dusan,1984,"Pistil Books Online, IOBA",US$23.00 ,https://pictures.abebooks.com/inventory/md/md31162607651.jpg,Textiles
74,Textiles of Ancient Peru and Their Techniques,"D' Harcourt, Raoul",1974,"Pistil Books Online, IOBA",US$40.25 ,https://pictures.abebooks.com/inventory/md/md30754665701.jpg,Textiles
75,The Travels of Sir John Mandeville Beyond the Holy Land,John Mandeville; Lawrence G. Van Velzer and Peggy Gotthol...,2019,"Carpe Diem Fine Books, ABAA",US$131.00 ,https://pictures.abebooks.com/inventory/md/md31498387399.jpg,Fine Press
76,Emily and Oscar (SIGNED),"D'Ambrosio, Joseph",1979,"Carpe Diem Fine Books, ABAA",US$315.00 ,https://pictures.abebooks.com/inventory/md/md31118969256.jpg,Fine Press
77,MEI LI,"Handforth, Thomas",1938,Soaring Hawk Vintage,US$27.99 ,https://pictures.abebooks.com/inventory/md/md31552531410.jpg,Caldecott Medal Winners
78,Ox-Cart Man,"Hall, Donald; Barbara Cooney, Illustrator",1979,Soaring Hawk Vintage,US$49.99 ,https://pictures.abebooks.com/inventory/md/md31550592387.jpg,Caldecott Medal Winners
79,"Four letters, signed ""H. C. Parsons,"" from railroad executive and one-time owner of Natural Bridg...","PARSONS, HENRY CHESTER",1890,Zamboni & Huntington,US$300.00 ,https://pictures.abebooks.com/inventory/md/md22793834200.jpg,Autographs & Manuscripts
80,How to be a returned soldier,"PAUL, ELLIOT, and KARL ZAMBONI",1944,Zamboni & Huntington,US$125.00 ,https://pictures.abebooks.com/inventory/md/md31448605868.jpg,Autographs & Manuscripts
81,The Kernel and the Bean: The 75-Year Story of the Staley Company,"Forrestal, Dan J.",1982,"Granada Bookstore,            IOBA",US$29.99 ,https://pictures.abebooks.com/isbn/9780671458256-us-300.jpg,Agriculture
82,The ABC Murders,Agatha Christie,1936,Brought to Book Ltd,"US$1,111.47 ",https://pictures.abebooks.com/inventory/md/md30879514438.jpg,Agatha Christie
83,"Shades of Darkness Signed Gladys Mitchell, Malcolm Torrie","Malcolm Torrie, Gladys Mitchell",1970,Brought to Book Ltd,"US$1,111.47 ",https://pictures.abebooks.com/inventory/md/md31070768295.jpg,Agatha Christie
84,Murder In the Mews,Agatha Christie,1937,Brought to Book Ltd,"US$2,288.32 ",https://pictures.abebooks.com/inventory/md/md30879512685.jpg,Agatha Christie
85,Lord Edgware Dies,Agatha Christie,1933,Brought to Book Ltd,US$65.38 ,https://pictures.abebooks.com/inventory/md/md30879521199.jpg,Agatha Christie
86,"Mall Maker Victor Gruen, Architect of an American Dream","Hardwick, M. Jeffrey",2004,The Groaning Board,US$40.00 ,https://pictures.abebooks.com/inventory/md/md31353958577.jpg,Architecture
87,SOUR GRAPES: A Book of Poems,"Williams, William Carlos",1921,Tennyson Williams Books and Fine Art,US$50.00 ,https://pictures.abebooks.com/inventory/md/md22795876443.jpg,Literary First Editions
88,PARADISE LOST. A POEM IN TWELVE BOOKS; [bound with] PARADISE REGAIN'D: A POEM IN IV BOOKS; [and] ...,"Milton, John",1691,Tennyson Williams Books and Fine Art,US$500.00 ,https://pictures.abebooks.com/inventory/md/md31045229713.jpg,Literary First Editions
89,A Little Girl's Song - Vintage Sheet Music,"Nesbit, E. ; Bath, Hurbert",1908,! Turtle Creek Books  !,US$19.99 ,https://pictures.abebooks.com/inventory/md/md31013537405.jpg,Music (Vintage Sheet Music 1900-1909)
90,The Very Hungry Caterpillar,Eric Carle,1994,"Strand Book Store, ABAA",US$10.99 ,https://pictures.abebooks.com/isbn/9780399226908-us-300.jpg,Children-Board Books
91,Chicka Chicka Boom Boom (Classic Board Books),"Bill Martin, John Archambault, (Illustrator) Lois Ehlert",2012,"Strand Book Store, ABAA",US$5.95 ,https://pictures.abebooks.com/isbn/9781442450707-us-300.jpg,Children-Board Books
92,I Am a Bunny,"Ole Risom, (Illustrator) Richard Scarry",2004,"Strand Book Store, ABAA",US$9.99 ,https://pictures.abebooks.com/isbn/9780375827785-us-300.jpg,Children-Board Books
93,North and South (Penguin Classics),"Gaskell, Elizabeth",1970,"Robinson Street Books, IOBA",US$25.00 ,https://pictures.abebooks.com/isbn/9780140430554-us-300.jpg,Humanities
94,The New Historicism,"Veeser, Harold [Editor]",1989,"Robinson Street Books, IOBA",US$50.00 ,https://pictures.abebooks.com/isbn/9780415900706-us-300.jpg,Humanities
95,The French Lieutenant's Woman (Signet),"Fowles, John",1981,"Robinson Street Books, IOBA",US$17.00 ,https://pictures.abebooks.com/isbn/9780451163752-us-300.jpg,Humanities
96,Hobby Horses,"Lee, Amy Freeman",1940,"Robin Bledsoe, Bookseller (ABAA)",US$275.00 ,https://pictures.abebooks.com/inventory/md/md31685559521.jpg,Biographies of Horses and People
97,"Mineral Productions, County Maps and Mining Laws of California, Bulletin No. 56",California State Mining Bureau,1909,"High Ridge Books, Inc. - ABAA",US$325.00 ,https://pictures.abebooks.com/inventory/md/md31423194119.jpg,Atlases
98,Illustrated Historical Atlas of the State of Minnesota,"Andreas, A. T.",1874,"High Ridge Books, Inc. - ABAA","US$1,150.00 ",https://pictures.abebooks.com/inventory/md/md31423192200.jpg,Atlases
99,"The Annual Register or a View of the History, Politics and Literature for the Year 1758",Various,1791,World of Rare Books,US$45.60 ,https://pictures.abebooks.com/inventory/md/md31598384822.jpg,Humanities
100,McIan's Costumes of the Clans of Scotland,James Logan,1899,World of Rare Books,US$23.54 ,https://pictures.abebooks.com/inventory/md/md31402093048.jpg,Humanities
101,"A History of Eastington, Near Stonehouse in Gloucestershire",A. E. Keys,1111,World of Rare Books,US$47.68 ,https://pictures.abebooks.com/inventory/md/md31699730350.jpg,Humanities
102,"The League of Extraordinary Gentlemen, The Black Dossier, Absolute Edition",Alan Moore; Kevin O'Neill [Illustrator],2008,Arroway Books,US$12.97 ,https://pictures.abebooks.com/isbn/9781401207519-us-300.jpg,Science Fiction
103,The Sandman 1: Preludes & Nocturnes,"Gaiman, Neil",2010,Arroway Books,US$10.83 ,https://pictures.abebooks.com/isbn/9781401225759-us-300.jpg,Science Fiction
104,The History of the United States from 1492 to 1912 (Three Volume Set),"Hawthorne, Julian",1912,"The Book House, Inc.  - St. Louis",US$35.00 ,https://pictures.abebooks.com/inventory/md/md31184588534.jpg,American History (Presidents)
105,Sophie Scholl's Signed Membership Suspension Request From the Bund Deutscher Mädel,"Scholl, Sophie",1939,F枚ldv谩ri Books,US$994.64 ,https://pictures.abebooks.com/inventory/md/md30534217852.jpg,Autographs & Manuscripts
106,[ALS.] Sigmund Freud's Autograph Letter in German to Frau Wolff,"Freud, Sigmund",1927,F枚ldv谩ri Books,US$994.64 ,https://pictures.abebooks.com/inventory/md/md30748676759.jpg,Autographs & Manuscripts
107,Hugo Graetz's Guestbook with Original Artworks by Members of the Novembergruppe,"[Graetz, Hugo]; [Steinhardt, Jakob]; [Huth, Willy Robert]...",1965,F枚ldv谩ri Books,"US$1,864.95 ",https://pictures.abebooks.com/inventory/md/md30277770213.jpg,Autographs & Manuscripts
108,Rock Greenling,Joseph Tomelleri,2019,Arundel Books,US$950.00 ,https://pictures.abebooks.com/inventory/md/md30353556674.jpg,Broadsides & Prints
109,Poetry/Art Broadside Series,Siv Cedering; Robert Bly; William Stafford; Diane Wakoski...,1985,Arundel Books,US$20.00 ,https://pictures.abebooks.com/inventory/md/md30720277878.jpg,Broadsides & Prints
110,Lethe's Poppy [Broadside],"Petersen, Paulann",1989,Arundel Books,US$25.00 ,https://pictures.abebooks.com/inventory/md/md31517834667.jpg,Broadsides & Prints
111,"Leaves, Leaves","Young, Marguerite",1984,Arundel Books,US$20.00 ,https://pictures.abebooks.com/inventory/md/md1340813889.jpg,Broadsides & Prints
112,The Freeing of the Dust / Blue Egyptian Water Lily [Broadside / Print],"Levertov, Denise & Jim Dine",2022,Arundel Books,US$20.00 ,https://pictures.abebooks.com/inventory/md/md31521305954.jpg,Broadsides & Prints
113,'Fern Gully' Limited Edition Signed Print,Laura Hamje,2004,Arundel Books,US$40.00 ,https://pictures.abebooks.com/inventory/md/md31181458823.jpg,Broadsides & Prints
114,SCATTERED EPHEMERA - Tacoma 2004,Jessica Spring,1994,Arundel Books,US$30.00 ,https://pictures.abebooks.com/inventory/md/md30242032537.jpg,Broadsides & Prints
115,Showcase Magazine Collector's Edition,G. Gordon Dewey [Editor] Vol. 1 No. 1,1960,"32.1  Rare Books + Ephemera, IOBA, ESA",US$50.00 ,https://pictures.abebooks.com/inventory/md/md31231032214.jpg,Vintage Magazines
116,Gentleman Magazine,Bruce Arthur [Editor] Vol. 1 No. 5 April 1961,1961,"32.1  Rare Books + Ephemera, IOBA, ESA",US$25.00 ,https://pictures.abebooks.com/inventory/md/md31231024888.jpg,Vintage Magazines
117,Debonair Magazine,Harley R. MacCormack [Editor] Vol. 1 No. 2 February 1961,1960,"32.1  Rare Books + Ephemera, IOBA, ESA",US$25.00 ,https://pictures.abebooks.com/inventory/md/md31231024885.jpg,Vintage Magazines
118,Tiger Magazine,George Fox Jr. Vol. 2 No. 2 May 1957,1957,"32.1  Rare Books + Ephemera, IOBA, ESA",US$25.00 ,https://pictures.abebooks.com/inventory/md/md31231025798.jpg,Vintage Magazines
119,"Morton Salt Co. Grand Saline, TexasThe loading machine operator","Thollander, Earl (1922-2001)",1987,Wittenborn Art Books,US$125.00 ,https://pictures.abebooks.com/inventory/md/md22765802434.jpg,Book Arts
120,Bretagne 1939. Guide Duran. Edition Hachette.(Guides Touristiques),"Colombier, Jeanne",1932,Wittenborn Art Books,US$50.00 ,https://pictures.abebooks.com/inventory/md/md18741819766.jpg,Book Arts
121,Cutthroat Trout. Signed limited edition.,Derek Cowan.,1977,Wittenborn Art Books,US$50.00 ,https://pictures.abebooks.com/inventory/md/md21523019973.jpg,Book Arts
122,"Punch, Volume CCXV, 7 July to 29 December 1948",Punch,1948,World of Rare Books,US$23.14 ,https://pictures.abebooks.com/inventory/md/md31407386203.jpg,"Journals, Periodicals and Magazines"
123,"The Infernal Devices, Book Three, Clockwork Princess (signed, and with 10 Collector Postcards)","Clare, Cassandra (signed)",2013,About Books,US$300.00 ,https://pictures.abebooks.com/isbn/9781416975908-us-300.jpg,Modern First Editions
124,Alice's Adventures in Wonderland (Signed limited edition),"Dali, Salvador (illustrator); Lewis Carroll",1969,"Whitmore Rare Books, Inc. -- ABAA, ILAB","US$12,500.00 ",https://pictures.abebooks.com/inventory/md/md31598706317.jpg,Signed Books
125,Gone with the Wind (Inscribed First Edition),"Mitchell, Margaret",1936,"Whitmore Rare Books, Inc. -- ABAA, ILAB","US$2,950.00 ",https://pictures.abebooks.com/inventory/md/md31577960980.jpg,Signed Books
126,The Works of Arthur Conan Doyle (Signed author's edition in 12 vols.),"Doyle, Sir Arthur Conan",1903,"Whitmore Rare Books, Inc. -- ABAA, ILAB",US$950.00 ,https://pictures.abebooks.com/inventory/md/md31418730016.jpg,Signed Books
127,Works (Signed limited edition in 40 vols.),"Dickens, Charles",1908,"Whitmore Rare Books, Inc. -- ABAA, ILAB","US$7,500.00 ",https://pictures.abebooks.com/inventory/md/md30465881614.jpg,Signed Books
128,Grapefruit (Signed First Edition),"Ono, Yoko",1971,"Whitmore Rare Books, Inc. -- ABAA, ILAB","US$19,500.00 ",https://pictures.abebooks.com/inventory/md/md30617144105.jpg,Signed Books
129,My Life in France,"Child, Julia; Prud'homme, Alex",2009,Great Southern Books,US$10.19 ,https://pictures.abebooks.com/inventory/md/md12732146266.jpg,Personal Memoirs
130,Shipwreck Tales: The St. Clair River (to 1900),"KOHL, Cris",1987,"Attic Books (ABAC, ILAB)",US$35.00 ,https://pictures.abebooks.com/inventory/md/md31253195655.jpg,Rivers
131,Mighty River: A Portrait of the Fraser,"BOCKING, Richard C.",1997,"Attic Books (ABAC, ILAB)",US$40.00 ,https://pictures.abebooks.com/inventory/md/md31259948526.jpg,Rivers
132,"Rock, River & Thorn: The Big Bend of the Rio Grande","ARMSTRONG, Frank",2001,"Attic Books (ABAC, ILAB)",US$50.00 ,https://pictures.abebooks.com/inventory/md/md22445776935.jpg,Rivers
133,A Summer on the Nene,"WATKINS-PITCHFORD, D. J.",1967,"Attic Books (ABAC, ILAB)",US$50.00 ,https://pictures.abebooks.com/inventory/md/md9009586120.jpg,Rivers
134,The Censors (A Bilingual Selection of Stories),"Valenzuela, Luisa",1988,Abacus Bookshop,US$10.00 ,https://pictures.abebooks.com/isbn/9780915306121-us-300.jpg,Latin American Literature
135,Living to Tell the Tale,"Garcia Marquez, Gabriel",2003,Abacus Bookshop,US$7.50 ,https://pictures.abebooks.com/isbn/9781400041343-us-300.jpg,Latin American Literature
136,Strange Pilgrims: Twelve Stories,"Garcia Marquez, Gabriel",1993,Abacus Bookshop,US$15.00 ,https://pictures.abebooks.com/isbn/9780679425663-us-300.jpg,Latin American Literature
137,The Antiquarian,"Faveron Patriau, Gustavo",2014,Abacus Bookshop,US$7.50 ,https://pictures.abebooks.com/isbn/9780802121608-us-300.jpg,Latin American Literature
138,Memories of My Melancholy Whores,"Garcia Marquez, Gabrie",2005,Abacus Bookshop,US$20.00 ,https://pictures.abebooks.com/isbn/9781400044603-us-300.jpg,Latin American Literature
139,"Memory of Fire, II: Faces and Masks, Part Two of a Trilogy","Galeano, Eduardo",1985,Abacus Bookshop,US$10.00 ,https://pictures.abebooks.com/isbn/9780393318067-us-300.jpg,Latin American Literature
140,The Movement Vol. 2: Fighting for the Future (The New 52),Gail Simone,2014,Firefly Bookstore,US$16.99 ,https://pictures.abebooks.com/isbn/9781401249526-us-300.jpg,DC Comics
141,"X-Treme X-Men, Vol. 1: Destiny (Xtreme)",Chris Claremont,2003,Firefly Bookstore,US$14.99 ,https://pictures.abebooks.com/isbn/9780785108412-us-300.jpg,DC Comics
142,JEAN HOWARD'S HOLLYWOOD: A PHOTO MEMOIR,"Howard, Jean, and James Watters",1989,Tennyson Williams Books and Fine Art,US$95.00 ,https://pictures.abebooks.com/inventory/md/md31068068963.jpg,Photographs
143,CHARLES H. NIEPOTH'S ARCHIVE OF FORD MOTOR COMPANY MATERIAL (1947-1958),"Ford, Henry, II; Harold T. Youngren; and Others",1947,Tennyson Williams Books and Fine Art,US$95.00 ,https://pictures.abebooks.com/inventory/md/md30988265975.jpg,Photographs
144,"On Surnames and the Rules of Law Affecting Their Change, Second Edition.BOUND WITH Supplement to ...",Falconer. Thomas,1862,Carmarthenshire Rare Books,US$32.69 ,https://pictures.abebooks.com/inventory/md/md11320347350.jpg,Antiquarian
145,Chambers's Encyclopaedia. A Dictionary of Universal Knowledge. New Edition in Ten Volumes. NEAR F...,Chambers. William and Robert,1906,Carmarthenshire Rare Books,US$385.74 ,https://pictures.abebooks.com/inventory/md/md31575565231.jpg,Antiquarian
146,"México y Sus Alrededores. Coleccion De Vistas Trajes y Monumentos Por C. Castro,J. Campillo,L. Au...",Castro. C. Et al,1855,Carmarthenshire Rare Books,US$313.83 ,https://pictures.abebooks.com/inventory/md/md20220244273.jpg,Antiquarian
147,The Witches' Brew,"PRATT, E. J.",1925,"Attic Books (ABAC, ILAB)",US$25.00 ,https://pictures.abebooks.com/inventory/md/md16797498567.jpg,Poetry
148,The Book of Nightmares,"KINNELL, Galway",1971,"Attic Books (ABAC, ILAB)",US$45.00 ,https://pictures.abebooks.com/inventory/md/md31423159760.jpg,Poetry
149,The Journals of Susanna Moodie: Poems by Margaret Atwood,"ATWOOD, Margaret",1970,"Attic Books (ABAC, ILAB)",US$40.00 ,https://pictures.abebooks.com/inventory/md/md31181404126.jpg,Poetry
150,Collected Poems of Raymond Souster Volume Two 1955-62,"SOUSTER, Raymond",1981,"Attic Books (ABAC, ILAB)",US$20.00 ,https://pictures.abebooks.com/inventory/md/md30907012265.jpg,Poetry
151,The Titanic,"PRATT, E. J.",1935,"Attic Books (ABAC, ILAB)",US$25.00 ,https://pictures.abebooks.com/inventory/md/md31264403043.jpg,Poetry
152,TWELVE CHINKS AND A WOMAN. (Book #160 in the Vintage Harlequin Paperbacks Series; Later Published...,"Chase, James Hadley. ( pseudonym of Rene Brabazon Raymond...",1952,Comic World,US$21.00 ,https://pictures.abebooks.com/inventory/md/md1272440250.jpg,Canadian Vintage PB Harlequin Collins White Circle
153,THE MANATEE (Vintage HARLEQUIN Book #1; Strange Loves of a Sea Man; Nantucket at the height of th...,"Bruff, Nancy.",1949,Comic World,US$49.00 ,https://pictures.abebooks.com/inventory/md/md31318957935.jpg,Canadian Vintage PB Harlequin Collins White Circle
154,"The FLESH of the ORCHID. (# 111 in the Vintage Harlequin Series) story of Carol Blandish, daughte...","Chase, James Hadley. ( pseudonym of Rene Brabazon Raymond...",1951,Comic World,US$89.00 ,https://pictures.abebooks.com/inventory/md/md4176346624.jpg,Canadian Vintage PB Harlequin Collins White Circle
155,IN THE KITCHEN WITH ROSIE: Oprah's Favorite Recipes,"Daley, Rosie; (Oprah Winfrey, Introduction)",1994,100POCKETS,US$12.50 ,https://pictures.abebooks.com/inventory/md/md18699468917.jpg,Diet
156,"POWER, FREEDOM AND GRACE : Living from the Source of Lasting Happiness",Deepak Chopra,2006,100POCKETS,US$16.50 ,https://pictures.abebooks.com/inventory/md/md30339356828.jpg,Diet
157,Stride Toward Freedom: The Montgomery Story,"King Jr, Martin Luther",1958,Mainly Books,US$35.00 ,https://pictures.abebooks.com/inventory/md/md31408531486.jpg,American History
158,Alexander Hamilton,"Chernow, Ron",2004,Mainly Books,US$12.00 ,https://pictures.abebooks.com/isbn/9781594200090-us-300.jpg,American History
159,"Forgotten Summers: The Story of the Citizens' Military Training Camps, 1921-1940","Kington, Donald M.",1995,Mainly Books,US$39.00 ,https://pictures.abebooks.com/isbn/9780964578906-us-300.jpg,American History
160,The Life of John Marshall: Four Volumes in Two Books,"Beveridge, Albert J.",1916,Mainly Books,US$19.00 ,https://pictures.abebooks.com/inventory/md/md31574813706.jpg,American History
161,Challenges (Signed First Edition),James B. Donovan (author); Erwin N. Griswold (foreword),1967,Dan Pope Books,US$650.00 ,https://pictures.abebooks.com/inventory/md/md30774692715.jpg,Association Copies
162,Collected Poems (Signed First Edition),Mark Strand,2014,Dan Pope Books,US$350.00 ,https://pictures.abebooks.com/inventory/md/md30842232693.jpg,Association Copies
163,Your Hidden Skills: Clues to Careers and Future Pursuits,Henry Greenleaf Pearson,1981,Gene The Book Peddler,US$22.00 ,https://pictures.abebooks.com/inventory/md/md22552641941.jpg,Self Help Hypnosis How To
164,Sturtevant Heating and Ventilation,"Siegel, Bernie S. M.D.",1914,Gene The Book Peddler,US$24.00 ,https://pictures.abebooks.com/inventory/md/md22463423521.jpg,Self Help Hypnosis How To
165,"Prescriptions for Living: Inspirational Lessons for a Joyful, Loving Life","Pighini, Sue",1998,Gene The Book Peddler,US$18.00 ,https://pictures.abebooks.com/inventory/md/md1290168682.jpg,Self Help Hypnosis How To
166,In Search of South Africa,"Morton, H V",1948,Chapter 1,US$60.00 ,https://pictures.abebooks.com/inventory/md/md17243495708.jpg,Travel (Africa)
167,Sandy Tracks to the Kraal,"Becker, Peter",1956,Chapter 1,US$70.00 ,https://pictures.abebooks.com/inventory/md/md17234803189.jpg,Travel (Africa)
168,Richardsrun: Cape Agulhas to Kilimanjaro on foot,"Goodhead, Richard",2012,Chapter 1,US$35.00 ,https://pictures.abebooks.com/inventory/md/md19201838710.jpg,Travel (Africa)
169,Do not take this road to El-Karama,"Harvie, Chris",2008,Chapter 1,US$8.00 ,https://pictures.abebooks.com/inventory/md/md19021963179.jpg,Travel (Africa)
170,Hope in Thyme: A Journey along the Coast of South Africa,"Grier, David",2009,Chapter 1,US$14.00 ,https://pictures.abebooks.com/inventory/md/md19453816223.jpg,Travel (Africa)
171,THE ART OF FARRIERY both in theory and practice,mr JOHN REEVES,1759,Bingo Books 2,US$67.50 ,https://pictures.abebooks.com/inventory/md/md30472364436.jpg,Ancient History
172,The Dragon Waiting: A Masque of History,"Ford, John M.",1983,Bingo Books 2,US$61.00 ,https://pictures.abebooks.com/isbn/9780671475529-us-300.jpg,Ancient History
173,Under Taos Mountain: The Terrible Quarrel Of Magpie And Tia,Penelope Scambly Schott,2009,Bingo Books 2,US$9.50 ,https://pictures.abebooks.com/isbn/9780980221152-us-300.jpg,Ancient History
174,"The Words of My Perfect Teacher, Revised Edition (Sacred Literature Series)",Patrul Rinpoche,1998,Bingo Books 2,US$77.50 ,https://pictures.abebooks.com/isbn/9781570624124-us-300.jpg,Ancient History
175,The Element Encyclopedia of Witchcraft: The Complete A-Z for the Entire Magical World,"Illes, Judika",2005,Bingo Books 2,US$41.00 ,https://pictures.abebooks.com/isbn/9780007192939-us-300.jpg,Ancient History
176,"Best of the Hammer, Vol. 1","Flax, Brian D.",1985,Bingo Books 2,US$77.50 ,https://pictures.abebooks.com/isbn/9780943228044-us-300.jpg,Ancient History
177,"The Conservative Complete, 1915 - 1923 -by H P Lovecraft / Necronomicon Press","Lovecraft, H P ( Howard Phillips ); Foreword By Frank Bel...",1977,Leonard Shoup,US$21.21 ,https://pictures.abebooks.com/inventory/md/md31373356099.jpg,H P Lovecraft
178,Rivers,"Nigel Holmes, Paul Raven",2014,St Paul's Bookshop P.B.F.A.,US$32.69 ,https://pictures.abebooks.com/isbn/9780956490254-us-300.jpg,Art Books
179,The Magpies: The Ecology and Behaviour of Black-billed and Yellow-billed Magpies,"Birkhead, Tim R.",1998,St Paul's Bookshop P.B.F.A.,US$32.69 ,https://pictures.abebooks.com/isbn/9780856610677-us-300.jpg,Art Books
180,The Golden Eagle (T & AD Poyser),"Watson, Jeff",1997,St Paul's Bookshop P.B.F.A.,US$19.61 ,https://pictures.abebooks.com/isbn/9780856610998-us-300.jpg,Art Books
181,Birds of Kenya and Northern Tanzania,"Zimmerman, Dale A.; Pratt, Doug",1996,St Paul's Bookshop P.B.F.A.,US$22.89 ,https://pictures.abebooks.com/isbn/9780713639681-us-300.jpg,Art Books
182,Extinct Birds,Julian P. Hume & Michael Walters,2012,St Paul's Bookshop P.B.F.A.,US$21.58 ,https://pictures.abebooks.com/isbn/9781408157251-us-300.jpg,Art Books
183,Jesus Out to Sea; and Other Stories,"Burke, James Lee",2008,Anthology Booksellers,US$91.30 ,https://pictures.abebooks.com/inventory/md/md30539012478.jpg,Literary First Editions
184,Ali's Smile / Naked Scientology,"Burroughs, William S.",1978,Anthology Booksellers,US$60.50 ,https://pictures.abebooks.com/isbn/9783880300118-us-300.jpg,Literary First Editions
185,The Bear and the Bird King,Grimm Brothers; (Retold and Illustrated by Robert Byrd),1994,Books End Bookshop,US$25.00 ,https://pictures.abebooks.com/isbn/9780525451181-us-300.jpg,Children's Illustrated
186,Grandfather's Journey,"Say, Allen",1993,Books End Bookshop,US$10.00 ,https://pictures.abebooks.com/isbn/9780395570357-us-300.jpg,Children's Illustrated
187,Once a Mouse.,"Brown, Marcia",2003,Books End Bookshop,US$4.50 ,https://pictures.abebooks.com/isbn/9780684126623-us-300.jpg,Children's Illustrated
188,Brundibar,"Kushner, Tony (Pictures by Maurice Sendak)",2003,Books End Bookshop,US$5.00 ,https://pictures.abebooks.com/isbn/9780786809042-us-300.jpg,Children's Illustrated
189,Dreaming of You,LISA KLEYPAS,1994,Read It Again Books,US$5.00 ,https://pictures.abebooks.com/isbn/9780380773527-us-300.jpg,Historical Romance
190,Cinders to Satin,FERN MICHAELS,1990,Read It Again Books,US$5.00 ,https://pictures.abebooks.com/isbn/9780345339522-us-300.jpg,Historical Romance
191,Wolf and the Dove,KATHLEEN E. WOODIWISS,1996,Read It Again Books,US$5.00 ,https://pictures.abebooks.com/isbn/9780380007783-us-300.jpg,Historical Romance
192,Wheres My Hero?,"LISA KLEYPAS, KINLEY MACGREGOR, JULIA QUINN",2003,Read It Again Books,US$5.00 ,https://pictures.abebooks.com/isbn/9780060505240-us-300.jpg,Historical Romance
193,Antarctica: A Year at the Bottom of the World,"Mastro, Jim",2002,The Parnassus BookShop,US$20.00 ,https://pictures.abebooks.com/inventory/md/md16909104228.jpg,"Travel, Travel Writing, Travel Adventure"
194,French Lessons in Africa: Travels With My Briefcase Through French Africa,"Biddlecombe, Peter",1994,The Parnassus BookShop,US$7.06 ,https://pictures.abebooks.com/isbn/9780349105093-us-300.jpg,"Travel, Travel Writing, Travel Adventure"
195,A Year in Provence,"MAYLE, PETER",1991,The Parnassus BookShop,US$9.41 ,https://pictures.abebooks.com/inventory/md/md16905951133.jpg,"Travel, Travel Writing, Travel Adventure"
196,Smert i deva. Ekho neznakomtsev,Mitchell G.,2019,Ruslania,US$9.04 ,https://pictures.abebooks.com/inventory/md/md30237235046.jpg,Detective
197,Murder on the Leviathan. Erast Fandorin 3,Akunin Boris,2004,Ruslania,US$9.94 ,https://pictures.abebooks.com/inventory/md/md30564451360.jpg,Detective
198,Chasovschik s Filigrannoj ulitsy,Pulley Natasha,2019,Ruslania,US$14.46 ,https://pictures.abebooks.com/inventory/md/md30326633648.jpg,Detective
199,Tokijskij Zodiak,Shimada Soji,2023,Ruslania,US$18.08 ,https://pictures.abebooks.com/inventory/md/md30237227696.jpg,Detective
200,Verekuu,Nesbø Jo,2023,Ruslania,US$9.04 ,https://pictures.abebooks.com/inventory/md/md31648338441.jpg,Detective
201,The Myth of Freedom and the Way of Meditation (Shambhala Classics),Chogyam Trungpa,2002,Molly's Brook Books,US$3.00 ,https://pictures.abebooks.com/inventory/md/md22455665211.jpg,Buddhism
202,Destructive Emotions: How Can We Overcome Them? A Scientific Dialogue with the Dalai Lama,Daniel Goleman,2003,Molly's Brook Books,US$10.00 ,https://pictures.abebooks.com/inventory/md/md30352870135.jpg,Buddhism
203,The Vision of the Buddha,"Lowenstein, Tom",1996,Molly's Brook Books,US$15.00 ,https://pictures.abebooks.com/inventory/md/md31532247386.jpg,Buddhism
204,Mind-Seal of the Buddhas: Patriarch Ou-i's Commentary on the Amitabha Sutra,J. C. Cleary,1998,Molly's Brook Books,US$30.00 ,https://pictures.abebooks.com/inventory/md/md31415990777.jpg,Buddhism
205,Dharma Moments,Danai Chanchaochai,2005,Molly's Brook Books,US$7.50 ,https://pictures.abebooks.com/inventory/md/md31416002933.jpg,Buddhism
206,Tree of Life: Buddhism and Protection of Nature,Peter Scott,1987,Molly's Brook Books,US$6.50 ,https://pictures.abebooks.com/inventory/md/md30392869384.jpg,Buddhism
207,The history of Goody Two-Shoes,"Sherwood, Mrs",1830,Stephen Rench,US$45.77 ,https://pictures.abebooks.com/inventory/md/md31643830067.jpg,Chapbooks and broadsides
208,The two dolls,Watts,1826,Stephen Rench,US$45.77 ,https://pictures.abebooks.com/inventory/md/md31402779928.jpg,Chapbooks and broadsides
209,The merry tales of the wise men of Gotham.,"Cameron, Mrs",1785,Stephen Rench,US$104.61 ,https://pictures.abebooks.com/inventory/md/md31403987227.jpg,Chapbooks and broadsides
210,Watts' divine songs in easy language for the use of children,"Cameron, Mrs",1810,Stephen Rench,US$111.15 ,https://pictures.abebooks.com/inventory/md/md31643826301.jpg,Chapbooks and broadsides
211,The adventures of Captain Gulliver,"Watts, Dr",1810,Stephen Rench,US$44.46 ,https://pictures.abebooks.com/inventory/md/md31644670802.jpg,Chapbooks and broadsides
212,The warbler of the woods; a collection of choice songs.,"Watts, Dr",1830,Stephen Rench,US$49.69 ,https://pictures.abebooks.com/inventory/md/md31396230305.jpg,Chapbooks and broadsides
213,"The history of Whittington and his cat, and the story of Puss in boots. 161 [ Dick Whittington ]","Sherwood, Mrs",1850,Stephen Rench,US$104.61 ,https://pictures.abebooks.com/inventory/md/md31399692644.jpg,Chapbooks and broadsides
214,Everybody's Fool: A novel,"Russo, Richard",2016,"Vandello Books, Member IOBA",US$50.00 ,https://pictures.abebooks.com/inventory/md/md19378725722.jpg,Signed & Inscribed
215,The Heaven & Earth Grocery Store: A Novel,"McBride, James",2023,"Vandello Books, Member IOBA",US$35.00 ,https://pictures.abebooks.com/inventory/md/md31638593673.jpg,Signed & Inscribed
216,The Night Circus,"Morgenstern, Erin",2011,"Vandello Books, Member IOBA",US$35.00 ,https://pictures.abebooks.com/inventory/md/md31497393251.jpg,Signed & Inscribed
217,Backcloth. The Final Volume of His Autobiography,Dirk Bogarde,1986,The London Bookworm,US$26.36 ,https://pictures.abebooks.com/isbn/9780670811328-us-300.jpg,Modern First Editions
218,The Silkworm. A Cormoran Strike Novel,Robert Galbrath,2014,The London Bookworm,US$32.96 ,https://pictures.abebooks.com/isbn/9781408704028-us-300.jpg,Modern First Editions
219,The Silkworm. A Cormoran Strike Novel,Robert Galbrath,2014,The London Bookworm,US$56.49 ,https://pictures.abebooks.com/isbn/9781408704028-us-300.jpg,Modern First Editions
220,The Silkworm. A Cormoran Strike Novel,Robert Galbrath,2014,The London Bookworm,US$37.65 ,https://pictures.abebooks.com/isbn/9781408704028-us-300.jpg,Modern First Editions
221,The House of Doctor Dee,"Ackroyd, Peter",1993,The London Bookworm,US$47.07 ,https://pictures.abebooks.com/isbn/9780241125007-us-300.jpg,Modern First Editions
222,Encyclopedia of World Military Aircraft - Single Volume Edition,"Donald, Jon Lake, David",1996,Maynard & Bradley,US$20.86 ,https://pictures.abebooks.com/inventory/md/md31543340188.jpg,Politics & Government
223,Vorlesungen zur Geschichtstheorie 1 (Signed),"Kluxen, Kurt",1974,Maynard & Bradley,US$20.86 ,https://pictures.abebooks.com/inventory/md/md31491287972.jpg,Politics & Government
224,Ernst Kaltenbrunner: Ideological Soldier of the Third Reich,"Black, Peter R.",1984,Maynard & Bradley,US$48.32 ,https://pictures.abebooks.com/inventory/md/md31148728921.jpg,Politics & Government
225,Russia and Germany: A Century of Conflict (1965),"Laqueur, Walter",1965,Maynard & Bradley,US$28.70 ,https://pictures.abebooks.com/inventory/md/md31156745590.jpg,Politics & Government
226,"Starry Messenger: A Book Depicting the Life of a Famous Scientist, Mathematician, Astronomer, Phi...","Sis, Peter",1996,"Crooked House Books & Paper, CBA",US$12.00 ,https://pictures.abebooks.com/inventory/md/md31256761322.jpg,Children's Picture Books
227,Old Possum's Book of Practical Cats.,"(Edward Gorey) ELIOT, T. S.",1982,"Grendel Books, ABAA/ILAB",US$125.00 ,https://pictures.abebooks.com/inventory/md/md30975390503.jpg,Nobel Prize Winners
228,Time of the Hero.,"VARGAS LLOSA, Mario.",1966,"Grendel Books, ABAA/ILAB",US$250.00 ,https://pictures.abebooks.com/inventory/md/md3571728009.jpg,Nobel Prize Winners
229,The Unconsoled.,"ISHIGURO, Kazuo.",1995,"Grendel Books, ABAA/ILAB",US$150.00 ,https://pictures.abebooks.com/isbn/9780679404255-us-300.jpg,Nobel Prize Winners
230,Song of Solomon.,"MORRISON, Toni.",1995,"Grendel Books, ABAA/ILAB",US$100.00 ,https://pictures.abebooks.com/isbn/9780679445043-us-300.jpg,Nobel Prize Winners
231,Unattainable Earth.,"MILOSZ, Czeslaw.",1986,"Grendel Books, ABAA/ILAB",US$25.00 ,https://pictures.abebooks.com/isbn/9780880010986-us-300.jpg,Nobel Prize Winners
232,"Collected Poems, 1948-1984.","WALCOTT, Derek.",1992,"Grendel Books, ABAA/ILAB",US$45.00 ,https://pictures.abebooks.com/isbn/9780374126261-us-300.jpg,Nobel Prize Winners
233,Usagi Yojimbo Volume 23: Bridge of Tears,"Sakai, Stan",2009,Recycle Bookstore,US$12.50 ,https://pictures.abebooks.com/isbn/9781595822970-us-300.jpg,Manga Box
234,The Ghost in the Shell Vol. 1 (Koukaku Kidoutai) (in Japanese),"Masamune, Shiro",1991,Recycle Bookstore,US$19.95 ,https://pictures.abebooks.com/isbn/9784063132489-us-300.jpg,Manga Box
235,"Vampire Knight, Vol. 19 (19)","Hino, Matsuri (Author)",2014,Recycle Bookstore,US$45.00 ,https://pictures.abebooks.com/isbn/9781421573915-us-300.jpg,Manga Box
236,Alien Nine: Emulators,"Tomizawa, Hitoshi (Author, Artist)",2003,Recycle Bookstore,US$29.95 ,https://pictures.abebooks.com/isbn/9781586649241-us-300.jpg,Manga Box
237,"K-ON!, Vol. 4",Kakifly,2011,Recycle Bookstore,US$14.95 ,https://pictures.abebooks.com/isbn/9780316188357-us-300.jpg,Manga Box
238,"GTO: Great Teacher Onizuka, Vol. 4","Fujisawa, Tohru (Author)",2002,Recycle Bookstore,US$24.00 ,https://pictures.abebooks.com/isbn/9781591820284-us-300.jpg,Manga Box
239,"The Hobbit, or There and back again","Tolkien, J. R. R.",1968,MacKellar Art &  Books,US$124.22 ,https://pictures.abebooks.com/inventory/md/md31513908942.jpg,Children's Illustrated Books
240,East of the Sun and West of the Moon,"Lindsay, Hilarie",1983,MacKellar Art &  Books,US$65.38 ,https://pictures.abebooks.com/inventory/md/md31221917390.jpg,Children's Illustrated Books
241,Mr Poppleberry and Fred the White Cockatoo,Kathleen Hale,1990,MacKellar Art &  Books,US$45.77 ,https://pictures.abebooks.com/inventory/md/md6161147797.jpg,Children's Illustrated Books
242,Orlando the Marmalade Cat Keeps a Dog,Mary Norton,1975,MacKellar Art &  Books,US$948.02 ,https://pictures.abebooks.com/inventory/md/md30437181494.jpg,Children's Illustrated Books
243,Are all the Giants Dead?,"Lindsay, Hilarie",1983,MacKellar Art &  Books,US$39.23 ,https://pictures.abebooks.com/inventory/md/md3049680340.jpg,Children's Illustrated Books
244,Tomb Raider Volume 1 : Season of the Witch,Gail Simone,2014,Firefly Bookstore,US$4.99 ,https://pictures.abebooks.com/isbn/9781616554910-us-300.jpg,Dark Horse
245,ApocalyptiGirl: An Aria for the End Times,Andrew MacLean,2015,Firefly Bookstore,US$7.50 ,https://pictures.abebooks.com/isbn/9781616555665-us-300.jpg,Dark Horse
246,Star Wars: Jango Fett,"Ron Marz,Tom Fowler",2002,Firefly Bookstore,US$49.99 ,https://pictures.abebooks.com/isbn/9781569716236-us-300.jpg,Dark Horse
247,R.I.P.D. Volume 2: City of the Damned,"Peter Lenkov, Jeremy Barlow, Tony Parker",2013,Firefly Bookstore,US$12.95 ,https://pictures.abebooks.com/isbn/9781616551131-us-300.jpg,Dark Horse
248,Apocalypse Suite 1 The Umbrella Academy,Gerard Way,2008,Firefly Bookstore,US$19.99 ,https://pictures.abebooks.com/isbn/9781593079789-us-300.jpg,Dark Horse
249,Dallas 2 The Umbrella Academy,"Gerard Way, Gabriel Ba",2009,Firefly Bookstore,US$8.99 ,https://pictures.abebooks.com/isbn/9781595823458-us-300.jpg,Dark Horse
250,HANG-UPS paintings by jonathan winters,"WINTERS, JONATHAN",1988,27 sellers,US$57.94 ,https://pictures.abebooks.com/isbn/9780394570242-us-300.jpg,Crafts And Hobbies
251,"California Hot Shoes, CRA Sprint Cars 1955-1970, Volume 1",Multiple Contributors,1978,27 sellers,US$30.00 ,https://pictures.abebooks.com/inventory/md/md30907431892.jpg,Crafts And Hobbies
252,Merrick - 1st Edition/1st Printing,"Rice, Anne",2000,22 sellers,US$60.33 ,https://pictures.abebooks.com/inventory/md/md12650394319.jpg,Fiction (Horror)
253,Violin - 1st Trade Edition,"Rice, Anne",1997,22 sellers,US$371.25 ,https://pictures.abebooks.com/inventory/md/md963309900.jpg,Fiction (Horror)
254,Blood and Gold - 1st Edition/1st Printing,"Blatty, William Peter",2001,22 sellers,US$40.00 ,https://pictures.abebooks.com/inventory/md/md30694963399.jpg,Fiction (Horror)
255,Servant of the Bones - Limited B.E. Trice Edition,"Rice, Anne",1996,22 sellers,US$51.05 ,https://pictures.abebooks.com/inventory/md/md963309197.jpg,Fiction (Horror)
256,The Best Of Me - 1st Edition/1st Printing,"Sparks, Nicholas",2011,25 sellers,US$156.62 ,https://pictures.abebooks.com/inventory/md/md6276480615.jpg,Fiction (Romance)
257,The Wedding,"Sparks, Nicholas",2003,25 sellers,US$25.00 ,https://pictures.abebooks.com/isbn/9780446532457-us-300.jpg,Fiction (Romance)
258,Message in a Bottle - 1st Edition/1st Printing,"Lyall, David [aka Annie S Swan]",1998,25 sellers,US$79.95 ,https://pictures.abebooks.com/inventory/md/md7758235339.jpg,Fiction (Romance)
259,At First Sight - 1st Edition/1st Printing,"Sparks, Nicholas",2005,25 sellers,US$25.00 ,https://pictures.abebooks.com/inventory/md/md21829825718.jpg,Fiction (Romance)
260,A Bend in the Road,"Sparks, Nicholas",2001,25 sellers,US$40.43 ,https://pictures.abebooks.com/isbn/9780446527781-us-300.jpg,Fiction (Romance)
261,HOUSE OF LEAVES,"DANIELEWSKI, MARK Z.",2000,272 sellers,"US$1,250.00 ",https://pictures.abebooks.com/inventory/md/md31365001941.jpg,Horror
262,PET SEMATARY (signed 1st),BRAM STOKER,1983,272 sellers,US$27.00 ,https://pictures.abebooks.com/inventory/md/md9906635603.jpg,Horror
263,THE STAND (SIGNED AND INSCRIBED),"Ketchum, Jack",1978,272 sellers,US$39.00 ,https://pictures.abebooks.com/inventory/md/md31323249763.jpg,Horror
264,Prince Lestat: The Vampire Chronicles,"King, Stephen",2014,272 sellers,"US$1,495.00 ",https://pictures.abebooks.com/inventory/md/md31491312545.jpg,Horror
265,Spook Country,"King, Stephen",2007,272 sellers,US$79.12 ,https://pictures.abebooks.com/isbn/9780399154300-us-300.jpg,Horror
266,The Killing Kind,"King, Stephen; Whelan, Michael [Illustrations]",2001,272 sellers,US$25.00 ,https://pictures.abebooks.com/isbn/9780340771204-us-300.jpg,Horror
267,Drums of Autumn,"Gabaldon, Diana",1997,13 sellers,US$25.00 ,https://pictures.abebooks.com/isbn/9780385311403-us-300.jpg,Historical Romance
268,"MAY AND JUNE, A ROMANCE OF THE REVOLUTION","Bittner, Rosanne",1888,13 sellers,US$60.00 ,https://pictures.abebooks.com/inventory/md/md30894375201.jpg,Historical Romance
269,PASSION'S PRIZE,"Rhodes, Jewell Parker",1990,13 sellers,US$1.00 ,https://pictures.abebooks.com/isbn/9780821731116-us-300.jpg,Historical Romance
270,Shlomo Zabludowicz. Holokaustin kauhuista salaperäiseksi suomalaismiljardööriksi,Thomas H. Raddall,2021,13 sellers,US$4.75 ,https://pictures.abebooks.com/inventory/md/md31539767611.jpg,Historical Romance
271,Natsit tiesivät nimeni. Tarina selviytymisestä ja rohkeudesta Auschwitzissa,"Roe, Edward P.",2022,13 sellers,US$1.35 ,https://pictures.abebooks.com/inventory/md/md31539776196.jpg,Historical Romance
272,Lupauksen voima. Kuinka selviydyin Auschwitzista ja säilytin elämänhaluni,"PELTON, Sonya T.",2022,13 sellers,US$4.20 ,https://pictures.abebooks.com/inventory/md/md31539779996.jpg,Historical Romance
273,The Cat in the Hat,Dr. Seuss,1958,45 sellers,US$491.11 ,https://pictures.abebooks.com/inventory/md/md30944390159.jpg,Signed First Editions
274,Bewilderment,"Towles, Amor",1974,45 sellers,US$55.00 ,https://pictures.abebooks.com/inventory/md/md31416882688.jpg,Signed First Editions
275,The Art of Michael Whelan,"BROWN, Pierce",2001,45 sellers,US$68.00 ,https://pictures.abebooks.com/inventory/md/md22903682828_2.jpg,Signed First Editions
276,Twenty Poems,Richard Matheson,1988,45 sellers,"US$1,850.00 ",https://pictures.abebooks.com/inventory/md/md31573515578.jpg,Signed First Editions
277,"The Information: A History, A Theory, A Flood","Powers, Richard",2002,45 sellers,US$295.00 ,https://pictures.abebooks.com/inventory/md/md31033391035.jpg,Signed First Editions
278,BIRDS. The Paintings of Terance James Bond. Signed Limited Edition,"Michener, James A.",2021,45 sellers,US$950.00 ,https://pictures.abebooks.com/inventory/md/md31350945142.jpg,Signed First Editions
279,MURDER BY OWL LIGHT,"SAWYER, Corinne Holt",1992,2 sellers,US$27.26 ,https://pictures.abebooks.com/inventory/md/md22541079964.jpg,Fiction (Crime Fiction)
280,TWO FOR THE LIONS,"DAVIES, Lindsey",1998,2 sellers,US$8.18 ,https://pictures.abebooks.com/inventory/md/md22427935459.jpg,Fiction (Crime Fiction)
281,13 FOR LUCK! : A Selection of Mystery Stories,"DAVIS, Lindsey",1966,2 sellers,US$6.82 ,https://pictures.abebooks.com/inventory/md/md16263425711.jpg,Fiction (Crime Fiction)
282,Drawing Conclusions,"DAVIS, Lindsey",2011,2 sellers,US$6.82 ,https://pictures.abebooks.com/inventory/md/md31623695194.jpg,Fiction (Crime Fiction)
283,Nemesis,"DAVIS, Lindsey",2008,2 sellers,US$6.82 ,https://pictures.abebooks.com/inventory/md/md31411389002.jpg,Fiction (Crime Fiction)
284,Coffin Road,"SAWYER, Corinne Holt",2016,2 sellers,US$51.12 ,https://pictures.abebooks.com/inventory/md/md31022431122.jpg,Fiction (Crime Fiction)
285,The Lord of the Rings. The Fellowship of the Ring; The Two Towers; The Return of the King,"Tolkien, J. R. R.",1954,218 sellers,"US$135,000.00 ",https://pictures.abebooks.com/inventory/md/md31597460110.jpg,Signed
286,American Dirt: A Novel ***AUTHOR SIGNED***,"Morrison, Toni",2020,218 sellers,US$150.00 ,https://pictures.abebooks.com/inventory/md/md31405139935.jpg,Signed
287,Rosa Parks: My Story,Bonnie Garmus,1992,218 sellers,US$81.47 ,https://pictures.abebooks.com/inventory/md/md31586781925.jpg,Signed
288,The Invention of Hugo Cabret,"Doerr, Anthony",2007,218 sellers,US$40.00 ,https://pictures.abebooks.com/isbn/9780439813785-us-300.jpg,Signed
289,The Maidens: A Novel *** AUTHOR SIGNED ARC,"Cummins, Jeanine",2021,218 sellers,US$45.00 ,https://pictures.abebooks.com/inventory/md/md31479263917.jpg,Signed
290,The Fault in Our Stars,"Davis, Angela",2012,218 sellers,US$79.35 ,https://pictures.abebooks.com/inventory/md/md31377301995.jpg,Signed
291,March: A Novel ***AUTHOR SIGNED***,"Lawrence, Jacob [Art]; Peter T. Nesbett [Editor]; Michell...",2005,218 sellers,US$65.00 ,https://pictures.abebooks.com/inventory/md/md31395207125.jpg,Signed
292,Cloud Cuckoo Land,Anthony Doerr,2021,150 sellers,US$76.00 ,https://pictures.abebooks.com/inventory/md/md31132046727.jpg,First Editions
293,Our Missing Hearts,Jeanine Cummins,2022,150 sellers,US$61.00 ,https://pictures.abebooks.com/inventory/md/md31350892116.jpg,First Editions
294,The Candy House,"Fitzgerald, F. Scott",2022,150 sellers,US$62.00 ,https://pictures.abebooks.com/inventory/md/md31418132207.jpg,First Editions
295,Audition: A Memoir,"Hughes, Langston",2008,150 sellers,US$49.00 ,https://pictures.abebooks.com/inventory/md/md31521153266.jpg,First Editions
296,Go Tell the Bees That I Am Gone,Celeste Ng,2021,150 sellers,US$59.00 ,https://pictures.abebooks.com/inventory/md/md31082945809.jpg,First Editions
297,The Water Dancer,Emiliy St. John Mandel,2019,150 sellers,US$64.00 ,https://pictures.abebooks.com/inventory/md/md30865008951.jpg,First Editions
298,"The Wager: A Tale of Shipwreck, Mutiny and Murder","Grann, David",2023,109 sellers,US$150.00 ,https://pictures.abebooks.com/inventory/md/md31649779690.jpg,Modern First Editions
299,A Gentleman in Moscow: A Novel,"Grann, David",2016,109 sellers,US$65.00 ,https://pictures.abebooks.com/inventory/md/md31649782672.jpg,Modern First Editions
300,Circe,"Wilkerson, Isabel",2018,109 sellers,US$125.00 ,https://pictures.abebooks.com/inventory/md/md31435058152.jpg,Modern First Editions
301,What Do You Care What Other People Think?: Further Adventures of a Curious Character,"Westover, Tara",1988,109 sellers,US$65.00 ,https://pictures.abebooks.com/inventory/md/md31498096980.jpg,Modern First Editions
302,The Song of the Cell: An Exploration of Medicine and the New Human,"Towles, Amor",2022,109 sellers,US$85.00 ,https://pictures.abebooks.com/inventory/md/md31649789965.jpg,Modern First Editions
303,Freewater (Newbery & Coretta Scott King Award Winner),"Owens, Delia",2022,109 sellers,US$55.00 ,https://pictures.abebooks.com/inventory/md/md31547648154.jpg,Modern First Editions
304,Night of the Living Rez,"Ng, Celeste",2022,109 sellers,US$75.00 ,https://pictures.abebooks.com/inventory/md/md31705750372.jpg,Modern First Editions
305,The Art of Engraving,"Meek, James B.",1973,82 sellers,US$32.69 ,https://pictures.abebooks.com/inventory/md/md31552748285.jpg,Crafts & Hobbies
306,Tom Tichenor's Puppets,"[Minnelli, Liza]",1971,82 sellers,US$20.00 ,https://pictures.abebooks.com/inventory/md/md317131132.jpg,Crafts & Hobbies
307,"Prihynur og langsjöl - Icelandic edition, signed","Ackley, Edith Flack",1988,82 sellers,US$150.00 ,https://pictures.abebooks.com/inventory/md/md31133417559.jpg,Crafts & Hobbies
308,"The Art of Fair Isle: History, Technique, Color & Patterns",Baird Bill,1996,82 sellers,US$84.99 ,https://pictures.abebooks.com/inventory/md/md31493087233.jpg,Crafts & Hobbies
309,From Felt to Fabric: New Techniques in Nuno Felting (Signed),"Tichenor, Tom",2011,82 sellers,US$32.69 ,https://pictures.abebooks.com/inventory/md/md30688225011.jpg,Crafts & Hobbies
310,"Flip! for Decorating: A Page-by-Page, Piece-by-Piece, Room-by-Room Guide to Transforming Your Home","Crow, Nancy",2009,82 sellers,US$20.00 ,https://pictures.abebooks.com/inventory/md/md19340045896.jpg,Crafts & Hobbies
311,CALENDAR CLOCKS (with 1993 & 2000 Price Updates),"Miller, Marie S.",1993,82 sellers,US$95.00 ,https://pictures.abebooks.com/inventory/md/md30447622427.jpg,Crafts & Hobbies
